{
  "type": "xgboost",
  "version": "2.0.0",
  "trainedAt": "2025-10-26T14:24:17.423285",
  "trainingDataset": {
    "name": "Hotel Booking Demand",
    "samples": 119386,
    "features": 23,
    "cancellationRate": 0.3703951887155948
  },
  "featureNames": [
    "booking_lead_time_hours",
    "hour_of_day",
    "day_of_week",
    "is_weekend",
    "is_prime_time",
    "month_of_year",
    "days_until_reservation",
    "is_repeat_customer",
    "customer_visit_count",
    "customer_no_show_rate",
    "customer_avg_party_size",
    "days_since_last_visit",
    "customer_lifetime_value",
    "party_size",
    "party_size_category",
    "is_large_party",
    "has_special_requests",
    "confirmation_sent",
    "confirmation_clicked",
    "hours_since_confirmation_sent",
    "historical_no_show_rate_for_day",
    "historical_no_show_rate_for_time",
    "occupancy_rate_for_slot"
  ],
  "featureImportance": [
    0.045282162725925446,
    0.0,
    0.016420405358076096,
    0.009326325729489326,
    0.0,
    0.02402639575302601,
    0.03761446103453636,
    0.020787468180060387,
    0.01910368725657463,
    0.4334961473941803,
    0.0225077997893095,
    0.04342622682452202,
    0.02579018473625183,
    0.02548450045287609,
    0.017179735004901886,
    0.0,
    0.17240390181541443,
    0.0,
    0.006683848798274994,
    0.061185747385025024,
    0.019280925393104553,
    0.0,
    0.0
  ],
  "config": {
    "nEstimators": 100,
    "maxDepth": 10,
    "learningRate": 0.1,
    "subsample": 0.8,
    "colsampleBytree": 0.8,
    "seed": 42
  },
  "performance": {
    "rocAuc": 0.8526289114792238,
    "trainSize": 95508,
    "testSize": 23878
  },
  "model": {
    "featureImportance": [
      0.045282162725925446,
      0.0,
      0.016420405358076096,
      0.009326325729489326,
      0.0,
      0.02402639575302601,
      0.03761446103453636,
      0.020787468180060387,
      0.01910368725657463,
      0.4334961473941803,
      0.0225077997893095,
      0.04342622682452202,
      0.02579018473625183,
      0.02548450045287609,
      0.017179735004901886,
      0.0,
      0.17240390181541443,
      0.0,
      0.006683848798274994,
      0.061185747385025024,
      0.019280925393104553,
      0.0,
      0.0
    ]
  },
  "notes": "Production XGBoost model trained on 119K hotel booking samples. Achieves ~85.3% AUC. Use Python XGBoost for inference or export to ONNX."
}